feature,importance
dist_oncom_m,0.3386261465731946
v_followed,0.2160992818234208
v_ego,0.2063003335881178
dist_flw_m,0.07324091108447305
v_oncoming,0.057982537133895555
engine_power_kw,0.039505556867570464
weight_kg,0.035514199281529296
road_friction,0.03273103364779842
