feature,importance
dist_oncom_m,0.36860595067097773
rel_v_followed,0.2714736649565469
v_followed,0.08974974981792011
v_ego,0.0739049261932816
dist_flw_m,0.06468025918115153
rel_v_oncoming,0.04061251266886394
v_oncoming,0.03786248744135426
engine_power_kw,0.019318261847562662
weight_kg,0.01761345663671266
road_friction,0.016178730585628708
