feature,importance
dist_oncom_m,0.3518559497858433
v_followed,0.24642532373001147
v_ego,0.21467820688779862
v_oncoming,0.07971000874368632
weight_kg,0.0560585967779247
road_friction,0.051271914074735546
