feature,importance
dist_oncom_m,0.29492023962848884
rel_v_followed,0.25974216566275776
v_followed,0.09427003413252649
dist_flw_m,0.09135556278832868
v_ego,0.06566269883779723
rel_v_oncoming,0.04480476175662266
v_oncoming,0.042175321033966116
driver_age,0.018779970902831303
years_driving,0.018540703304763394
engine_power_kw,0.01846685156284234
km_driven,0.01823499040919898
weight_kg,0.017548450452751694
road_friction,0.015498249527124466
