feature,importance
dist_oncom_m,0.3107449205267917
v_followed,0.21579964940313573
v_ego,0.19142766626356575
dist_flw_m,0.08490315012220125
v_oncoming,0.06319012493717116
weight_kg,0.0468823672730454
engine_power_kw,0.04574554588028768
road_friction,0.04130657559380147
